Task Name,Original Date,New Date
Initial Team Collaboration Session,3/25/2025,7/12/2025
UX Design Documentation Review,3/30/2025,8/17/2025
Stakeholder Requirements Validation,4/5/2025,9/28/2025
Executive Project Presentation,4/8/2025,6/30/2025
Infrastructure Architecture Planning,4/10/2025,9/3/2025
First Development Milestone Review,4/15/2025,8/28/2025
Technical Debt Evaluation,4/18/2025,7/25/2025
Mid-Project Assessment,4/22/2025,9/10/2025
Second Sprint Feature Demo,4/28/2025,7/5/2025
QA Testing Implementation,4/30/2025,10/15/2025
Cross-Browser Compatibility Testing,5/8/2025,8/12/2025
Documentation and Training Completion,5/15/2025,11/2/2025
Final Stakeholder Sign-off,5/20/2025,8/23/2025
Production Environment Setup,5/25/2025,9/18/2025
Application Deployment,5/31/2025,10/7/2025
Post-Implementation Analysis,6/15/2025,11/20/2025